generation,id,fitness,species,parent1,parent2
0,61,1.558717,10,-1,-1
1,373,1.602835,10,61,174
2,373,1.602835,2,61,174
3,697,3.230167,10,551,551
4,697,3.230167,10,551,551
